    "The stock market crashed yesterday due to economic uncertainty.",
    "Yesterday, the economy faced a downturn as the stock market fell.",
    "A new species of bird was discovered in the Amazon rainforest.",
    "Scientists have discovered a rare bird in the Amazon jungle.",
    "The local football team won their match in a thrilling game.",
    "A major earthquake struck the city, causing widespread damage.",
    "The government announced a new policy to improve education standards.",
    "Technology companies are investing heavily in artificial intelligence research.",
    "A famous actor won the best performance award at the ceremony.",
    "The new cafe downtown serves delicious coffee and pastries.",
    "Researchers found a potential cure for a rare disease in recent trials.",
    "The local basketball team lost the championship in the final seconds.",
    "A large wildfire has spread across the northern forest region.",
    "Students protested for climate change action outside the parliament.",
    "A music festival attracted thousands of fans from across the country."